,TICID,t0,per,depth,converged,conv_on_run
0,103633434,2393.232112357558,17.220070145613633,0.0009913735630758006,False,
