,TICID,t0,per,depth,converged,conv_on_run
0,103633434,2407.0077779095946,16.51613876184782,0.0008245786763409639,False,
