,TICID,t0,per,depth,converged,conv_on_run
0,103633434,2394.5971123575578,4.333142324553863,0.00061319774575033,False,
