,TICID,t0,per,depth,converged,conv_on_run
0,103633434,1705.3739597481551,35.598465876820136,0.0014939356170108368,False,
