,TICID,t0,per,depth,converged,conv_on_run
0,103633434,1689.4274602661903,14.90755162244143,0.0017400161660957127,False,
