,TICID,t0,per,depth,converged,conv_on_run
0,103633434,1691.3351264316195,12.100179894399991,0.0008620646250824769,False,
