,TICID,t0,per,depth,converged,conv_on_run
0,103633434,1683.6304602661903,3.444642173463393,0.000812136919696487,False,
