,TICID,t0,per,depth,converged,conv_on_run
0,103633434,1689.357959748155,20.79949988985562,0.0013523762232334473,False,
