,TICID,t0,per,depth,converged,conv_on_run
0,103633434,1688.472959748155,13.88181948528117,0.0011703004061250054,False,
