,TICID,t0,per,depth,converged,conv_on_run
0,103633434,2392.1776477521053,8.516750608063713,0.0009491578611831488,False,
