,TICID,t0,per,depth,converged,conv_on_run
0,103633434,1687.9191264316196,20.74736068805787,0.004335322827189474,False,
