,TICID,t0,per,depth,converged,conv_on_run
0,103633434,1853.2111780585344,22.0062706943119,0.0012323557938185216,False,
