,TICID,t0,per,depth,converged,conv_on_run
0,103633434,1688.415959748155,10.855438015594142,0.0014247379128302876,False,
