,TICID,t0,per,depth,converged,conv_on_run
0,103633434,1691.340959748155,12.099973327097752,0.0008293055223004608,False,
