,TICID,t0,per,depth,converged,conv_on_run
0,103633434,1844.0561780585344,1.5681687009342176,0.0017218660678041857,False,
