,TICID,t0,per,depth,converged,conv_on_run
0,103633434,2393.2261123575577,3.4447174685410045,0.0007874803421115029,False,
