,TICID,t0,per,depth,converged,conv_on_run
0,103633434,1683.6134602661903,9.899066083751741,0.0019857928934638664,False,
