,TICID,t0,per,depth,converged,conv_on_run
0,103633434,1688.4621264316195,13.883636429529334,0.0010797534212905408,False,
