,TICID,t0,per,depth,converged,conv_on_run
0,118327550,1357.290442675359,18.778178903402857,0.0007585390573333288,False,
