,TICID,t0,per,depth,converged,conv_on_run
0,119584412,2643.9135671106533,15.355587561168061,0.0015847574457823511,False,
