,TICID,t0,per,depth,converged,conv_on_run
0,119584412,1906.5333855837116,11.005687252679913,0.001759721382417797,False,
