,TICID,t0,per,depth,converged,conv_on_run
0,12421862,1361.5899904738012,15.204756122203792,0.001016528263481175,False,
