,TICID,t0,per,depth,converged,conv_on_run
0,12421862,1356.3519904738012,19.69883479551303,0.001497430218488051,False,
