,TICID,t0,per,depth,converged,conv_on_run
0,12421862,2094.994766167507,7.448263053743921,0.001681180047995262,False,
