,TICID,t0,per,depth,converged,conv_on_run
0,12421862,1356.385990473801,19.632836813536997,0.0014582319342293698,False,
