,TICID,t0,per,depth,converged,conv_on_run
0,126606859,1723.3361200725499,13.657351310532263,0.010200438378259563,False,
