,TICID,t0,per,depth,converged,conv_on_run
0,142748283,1847.2312646585488,6.386520576403541,0.006773228512728233,False,
