,TICID,t0,per,depth,converged,conv_on_run
0,142748283,1687.5514602661904,6.387660626881163,0.006124977228245228,False,
