,TICID,t0,per,depth,converged,conv_on_run
0,151825527,2284.096943147649,3.6337717313761675,0.008670769818182837,False,
