,TICID,t0,per,depth,converged,conv_on_run
0,151825527,1553.7382755160143,,0.9888974617207608,False,
