,TICID,t0,per,depth,converged,conv_on_run
0,151825527,1546.4758520485834,3.633611594503666,0.008750924279078085,False,
