,TICID,t0,per,depth,converged,conv_on_run
0,153065527,2126.410277805062,13.172658587328753,0.0026840525514968926,False,
