,TICID,t0,per,depth,converged,conv_on_run
0,153065527,2126.422277805062,13.16774940263465,0.0027095945998868096,False,
