,TICID,t0,per,depth,converged,conv_on_run
0,153065527,1385.3970003752975,3.3073999761883655,0.0007466361601741547,False,
