,TICID,t0,per,depth,converged,conv_on_run
0,153951307,1709.867795804786,26.875654426974034,0.00238578408678043,False,
