,TICID,t0,per,depth,converged,conv_on_run
0,158588995,2283.984610974709,1.9771138071552994,0.013680939777657405,False,
