,TICID,t0,per,depth,converged,conv_on_run
0,166184428,1607.459328782629,13.92577803098477,0.010300170609406087,False,
