,TICID,t0,per,depth,converged,conv_on_run
0,166184428,1606.031328782629,17.758932925433115,0.004574607573713239,False,
