,TICID,t0,per,depth,converged,conv_on_run
0,166184428,2346.058964047201,13.256830059694817,0.00546590146247329,False,
