,TICID,t0,per,depth,converged,conv_on_run
0,166184428,1623.7636619231969,22.06487543380296,0.0050826436190674305,False,
