,TICID,t0,per,depth,converged,conv_on_run
0,166184428,1616.775328782629,18.410523200948038,0.003145569751614771,False,
