,TICID,t0,per,depth,converged,conv_on_run
0,166184428,1608.689328782629,8.344479682984852,0.0055410140483691875,False,
