,TICID,t0,per,depth,converged,conv_on_run
0,166184428,1616.7756619231968,23.18676619570311,0.003055737945580938,False,
