,TICID,t0,per,depth,converged,conv_on_run
0,166648874,1909.5403197276744,15.150546776462997,0.005845551643681304,False,
