,TICID,t0,per,depth,converged,conv_on_run
0,166648874,1909.5493197276744,15.139840720951458,0.0065895987198887306,False,
