,TICID,t0,per,depth,converged,conv_on_run
0,172370679,1687.4295975816906,13.962547169509104,0.00324698079470715,False,
