,TICID,t0,per,depth,converged,conv_on_run
0,172370679,1711.9450939873243,34.63200018748095,0.03220651640042894,False,
