,TICID,t0,per,depth,converged,conv_on_run
0,172370679,1710.1830939873244,26.945730958094565,0.02902307057231553,False,
