,TICID,t0,per,depth,converged,conv_on_run
0,172370679,1723.5335975816906,47.79066054512476,0.008454940073123753,False,
