,TICID,t0,per,depth,converged,conv_on_run
0,172370679,1696.0565975816905,13.023950175202362,0.005173329310303175,False,
