,TICID,t0,per,depth,converged,conv_on_run
0,172370679,1687.395599929816,24.564753353798114,0.019755933865363614,False,
