,TICID,t0,per,depth,converged,conv_on_run
0,172370679,1710.1610939873242,26.992821146400896,0.029183697668977406,False,
