,TICID,t0,per,depth,converged,conv_on_run
0,172370679,2421.325704510794,19.072876737600218,0.0049474663158289335,False,
