,TICID,t0,per,depth,converged,conv_on_run
0,172370679,1688.4155975816905,5.983728239304408,0.002773667186977224,False,
