,TICID,t0,per,depth,converged,conv_on_run
0,172370679,1711.9583361795078,,0.9572618679853641,False,
