,TICID,t0,per,depth,converged,conv_on_run
0,172370679,1684.254096394589,1.0000320551111552,0.002819215220955503,False,
