,TICID,t0,per,depth,converged,conv_on_run
0,178709444,1576.1432827678643,3.4717280383114693,0.02273837893713984,False,
