,TICID,t0,per,depth,converged,conv_on_run
0,178709444,1593.4945746337132,,0.9535377468358021,False,
