,TICID,t0,per,depth,converged,conv_on_run
0,178709444,2284.3780642336565,3.4713862132871647,0.02305855728468878,False,
