,TICID,t0,per,depth,converged,conv_on_run
0,181804752,1546.4948965915225,4.989976212016037,0.01745275706542459,False,
