,TICID,t0,per,depth,converged,conv_on_run
0,18318288,2733.1414331493024,16.929347608560008,0.011763005748177081,False,
