,TICID,t0,per,depth,converged,conv_on_run
0,18318288,2720.4464331493023,16.2558588920419,0.007990596676268552,False,
