,TICID,t0,per,depth,converged,conv_on_run
0,18318288,2719.9204331493024,15.333948382647737,0.005396285724368679,False,
