,TICID,t0,per,depth,converged,conv_on_run
0,18318288,2010.0326269797768,37.30406821677108,0.004298462426992171,False,
