,TICID,t0,per,depth,converged,conv_on_run
0,18318288,2002.5876269797768,33.18870650879348,0.003421095885982995,False,
