,TICID,t0,per,depth,converged,conv_on_run
0,18318288,1996.30912804796,19.20227042152713,0.006565467326263624,False,
