,TICID,t0,per,depth,converged,conv_on_run
0,198485881,1695.303520903788,14.515221637537078,0.0036259706410077704,False,
