,TICID,t0,per,depth,converged,conv_on_run
0,198485881,2391.0411696204133,14.591484401723466,0.0031298955530679904,False,
