,TICID,t0,per,depth,converged,conv_on_run
0,198485881,1728.859520903788,47.01500242692389,0.008547270386968689,False,
