,TICID,t0,per,depth,converged,conv_on_run
0,200322593,1412.5392003422023,2.4236210114079317,0.0031283142914321333,False,
