,TICID,t0,per,depth,converged,conv_on_run
0,200322593,1414.4952003422025,28.337786504715062,0.002603421440674529,False,
