,TICID,t0,per,depth,converged,conv_on_run
0,200322593,2149.8121415813043,13.6765314619226,0.0018888447025165254,False,
