,TICID,t0,per,depth,converged,conv_on_run
0,200322593,1418.0972003422023,38.538082739962654,0.002428402635394013,False,
