,TICID,t0,per,depth,converged,conv_on_run
0,200322593,2146.6381415813044,2.4784561927059676,0.002348820883121528,False,
