,TICID,t0,per,depth,converged,conv_on_run
0,201186294,1791.331795257927,,0.9856220418293403,False,
