,TICID,t0,per,depth,converged,conv_on_run
0,20182780,1935.7773833190722,13.059592846465852,0.03309119818308442,False,
