,TICID,t0,per,depth,converged,conv_on_run
0,212957629,1383.737449149529,3.076623239529953,0.01752761884112766,False,
