,TICID,t0,per,depth,converged,conv_on_run
0,219041246,1748.3829526677177,17.751067315046786,0.0025073763154749625,False,
