,TICID,t0,per,depth,converged,conv_on_run
0,219698776,2401.5211123575577,15.131869734953838,0.001370943571458717,False,
