,TICID,t0,per,depth,converged,conv_on_run
0,220479565,2284.0807651746977,3.7008068221340236,0.003561892491399868,False,
