,TICID,t0,per,depth,converged,conv_on_run
0,220479565,1386.9957822245476,24.602107349444307,0.0017803444317205704,False,
