,TICID,t0,per,depth,converged,conv_on_run
0,220479565,1391.8197822245475,10.893845467014078,0.0009987692836280829,False,
