,TICID,t0,per,depth,converged,conv_on_run
0,220479565,2117.6900764865563,3.697853327321763,0.004758410757907059,False,
