,TICID,t0,per,depth,converged,conv_on_run
0,220479565,1385.5447822245476,3.6977870579023686,0.004216520047003129,False,
