,TICID,t0,per,depth,converged,conv_on_run
0,220479565,1655.479598901452,3.697184253456459,0.0044252553382021316,False,
