,TICID,t0,per,depth,converged,conv_on_run
0,220479565,2284.081765174698,3.699936058571969,0.003561892491399868,False,
