,TICID,t0,per,depth,converged,conv_on_run
0,220479565,1385.7587822245475,3.9543030836307174,0.001150366435320048,False,
