,TICID,t0,per,depth,converged,conv_on_run
0,220479565,1420.1917822245475,47.924257461020076,0.003096511843797695,False,
