,TICID,t0,per,depth,converged,conv_on_run
0,220479565,1391.8227822245476,10.893800597885418,0.0010400686000432864,False,
