,TICID,t0,per,depth,converged,conv_on_run
0,220479565,1386.8997822245476,7.052143963535562,0.0030097123807670003,False,
