,TICID,t0,per,depth,converged,conv_on_run
0,220479565,2125.0700764865564,24.59796214749533,0.0025416423725153066,False,
