,TICID,t0,per,depth,converged,conv_on_run
0,220479565,2119.312076486556,27.47017378749713,0.0033799618733154763,False,
