,TICID,t0,per,depth,converged,conv_on_run
0,220479565,1385.5467822245475,3.697592421921012,0.004216520047003129,False,
