,TICID,t0,per,depth,converged,conv_on_run
0,220479565,1574.1190584438818,3.6988483788728312,0.00360624995860937,False,
