,TICID,t0,per,depth,converged,conv_on_run
0,22233480,2731.959447293657,20.36939928360826,0.001683046089234821,False,
