,TICID,t0,per,depth,converged,conv_on_run
0,22233480,2394.7567353214504,20.04364802609373,0.0008343696714404239,False,
