,TICID,t0,per,depth,converged,conv_on_run
0,22233480,2719.0614331493025,15.959446682346327,0.002210480198679541,False,
