,TICID,t0,per,depth,converged,conv_on_run
0,231702397,1329.107419091052,5.078128624828641,0.006077702206705866,False,
