,TICID,t0,per,depth,converged,conv_on_run
0,231702397,2040.0451884432123,5.0783397829959185,0.006305375596555757,False,
