,TICID,t0,per,depth,converged,conv_on_run
0,233602827,1704.7718058359835,36.59226857522049,0.001428607613780413,False,
