,TICID,t0,per,depth,converged,conv_on_run
0,233602827,1685.9258058359835,4.489216826606046,0.001220401834449608,False,
