,TICID,t0,per,depth,converged,conv_on_run
0,233602827,1688.7768058359836,9.045080208702238,0.0020145720744336555,False,
