,TICID,t0,per,depth,converged,conv_on_run
0,233602827,1687.6294750656389,5.381180561411293,0.0007734211385720634,False,
