,TICID,t0,per,depth,converged,conv_on_run
0,235678745,1714.1578058359835,35.84795778513158,0.0013674383055159737,False,
