,TICID,t0,per,depth,converged,conv_on_run
0,235678745,1704.319307495323,28.171266919721084,0.0007750036716126168,False,
