,TICID,t0,per,depth,converged,conv_on_run
0,235678745,1720.3161410099976,42.14578936755503,0.0007028839363679741,False,
