,TICID,t0,per,depth,converged,conv_on_run
0,235678745,1683.620307495323,8.123542299742535,0.0003580351442641484,False,
