,TICID,t0,per,depth,converged,conv_on_run
0,235683377,1684.2738058359837,1.2271813723503002,0.0012800172517380335,False,
