,TICID,t0,per,depth,converged,conv_on_run
0,235683377,1684.2718058359835,1.2272069835656392,0.001236040341828131,False,
