,TICID,t0,per,depth,converged,conv_on_run
0,235678745,1684.6456415521436,6.612708791199855,0.00263913315140796,False,
