,TICID,t0,per,depth,converged,conv_on_run
0,235683377,1683.4518058359836,0.4071998126278793,0.0013675415452529633,False,
