,TICID,t0,per,depth,converged,conv_on_run
0,239332587,2420.564704510794,1.8527218314552192,0.0014987629663191949,False,
