,TICID,t0,per,depth,converged,conv_on_run
0,239332587,1714.611918748988,33.884678618125534,0.0018174609089786713,False,
