,TICID,t0,per,depth,converged,conv_on_run
0,239332587,1711.927918748988,1.852639708136909,0.001315975682174557,False,
