,TICID,t0,per,depth,converged,conv_on_run
0,243185500,1777.997937850919,24.005736442768484,0.0025070335988547354,False,
