,TICID,t0,per,depth,converged,conv_on_run
0,243185500,2450.184544344811,3.762080329766693,0.0019923780737580916,False,
