,TICID,t0,per,depth,converged,conv_on_run
0,243185500,1765.671937850919,1.880535568444847,0.0016732239646860625,False,
