,TICID,t0,per,depth,converged,conv_on_run
0,243185500,1766.914937850919,15.532720365901087,0.0038652107325457016,False,
