,TICID,t0,per,depth,converged,conv_on_run
0,243641947,1601.10877933355,2.5925927470375068,0.01649238235157063,False,
