,TICID,t0,per,depth,converged,conv_on_run
0,243641947,1601.10477933355,2.5925214668398864,0.015810846443603428,False,
