,TICID,t0,per,depth,converged,conv_on_run
0,243641947,2337.4032556826664,2.593232726388116,0.011538997389072575,False,
