,TICID,t0,per,depth,converged,conv_on_run
0,243641947,1602.8666143468124,4.2323252236461935,0.002197698601625824,False,
