,TICID,t0,per,depth,converged,conv_on_run
0,243641947,1601.11077933355,2.5925927470375068,0.012259375480738393,False,
