,TICID,t0,per,depth,converged,conv_on_run
0,246965431,1791.0050745572348,4.078453192341577,0.003915754751943691,False,
