,TICID,t0,per,depth,converged,conv_on_run
0,250111245,2448.914114934158,2.9307896253481798,0.06093048154700165,False,
