,TICID,t0,per,depth,converged,conv_on_run
0,259168516,1692.1828058359836,14.708560540248262,0.038515485183098,False,
