,TICID,t0,per,depth,converged,conv_on_run
0,259168516,1695.8948058359836,25.346387803920553,0.0029728591670796587,False,
