,TICID,t0,per,depth,converged,conv_on_run
0,259168516,1694.1388058359835,26.469380774319653,0.0036056625701319984,False,
