,TICID,t0,per,depth,converged,conv_on_run
0,259168516,1692.6968058359837,41.48445675015413,0.006625236864433193,False,
