,TICID,t0,per,depth,converged,conv_on_run
0,259168516,1687.2838058359837,4.80214454010035,0.00423800870556389,False,
