,TICID,t0,per,depth,converged,conv_on_run
0,259168516,1687.2698058359836,4.80259870967952,0.004884400815803865,False,
