,TICID,t0,per,depth,converged,conv_on_run
0,259168516,1695.8748058359836,43.65554594541548,0.01026703777017302,False,
