,TICID,t0,per,depth,converged,conv_on_run
0,259168516,1687.2478058359836,4.802972972664245,0.004020589708213649,False,
