,TICID,t0,per,depth,converged,conv_on_run
0,259377017,2174.4305127292587,11.59607570086754,0.0034462052462895507,False,
