,TICID,t0,per,depth,converged,conv_on_run
0,259377017,1383.837210407512,5.660591399796268,0.004638533872251651,False,
