,TICID,t0,per,depth,converged,conv_on_run
0,259377017,1396.515210407512,30.819136853763275,0.002720618818645743,False,
