,TICID,t0,per,depth,converged,conv_on_run
0,259377017,1396.527210407512,25.504597675645446,0.0027228121224750217,False,
