,TICID,t0,per,depth,converged,conv_on_run
0,259377017,2176.3235127292587,5.6588523505255,0.004539987034246777,False,
