,TICID,t0,per,depth,converged,conv_on_run
0,259377017,1385.837210407512,13.088952801593305,0.0011078223576507288,False,
