,TICID,t0,per,depth,converged,conv_on_run
0,259377017,2116.2411630013744,6.732392913923466,0.0016698473355639344,False,
