,TICID,t0,per,depth,converged,conv_on_run
0,259377017,1421.241210407512,44.30599659740671,0.003794925295796308,False,
