,TICID,t0,per,depth,converged,conv_on_run
0,259377017,1389.6652104075122,22.767044699557015,0.0036025954440403437,False,
