,TICID,t0,per,depth,converged,conv_on_run
0,259377017,1383.739210407512,3.3601120543477694,0.0011500775676184763,False,
