,TICID,t0,per,depth,converged,conv_on_run
0,259377017,1383.844210407512,16.978682621781676,0.004604242479375681,False,
