,TICID,t0,per,depth,converged,conv_on_run
0,259377017,1389.691210407512,11.379328012785281,0.0033199843435779133,False,
