,TICID,t0,per,depth,converged,conv_on_run
0,260004324,1348.098737730663,45.879208617629715,0.006706936714317343,False,
