,TICID,t0,per,depth,converged,conv_on_run
0,260004324,1327.339737730663,3.8146368614745754,0.0003806885236036259,False,
