,TICID,t0,per,depth,converged,conv_on_run
0,260004324,1347.368737730663,41.81514516553809,0.007697419785424855,False,
