,TICID,t0,per,depth,converged,conv_on_run
0,260004324,1348.884737730663,41.84738291989033,0.006971205148173534,False,
