,TICID,t0,per,depth,converged,conv_on_run
0,260004324,1347.359737730663,27.957712659819162,0.006672145805178978,False,
