,TICID,t0,per,depth,converged,conv_on_run
0,260004324,1327.425737730663,3.814262772560792,0.00046592477766712296,False,
