,TICID,t0,per,depth,converged,conv_on_run
0,260004324,1348.0967377306629,32.440844689959164,0.005796050490212151,False,
