,TICID,t0,per,depth,converged,conv_on_run
0,260708537,1358.700737730663,42.92414901626293,0.0006333146895717889,False,
