,TICID,t0,per,depth,converged,conv_on_run
0,260708537,1339.310737730663,39.21016458232411,0.0007380017942430205,False,
