,TICID,t0,per,depth,converged,conv_on_run
0,260708537,1341.870737730663,26.47411724182826,0.0009172503579477209,False,
