,TICID,t0,per,depth,converged,conv_on_run
0,261257684,1626.4447616281022,3.957584382752729,0.0014927263406437393,False,
