,TICID,t0,per,depth,converged,conv_on_run
0,261257684,1625.4147616281023,6.513275835775154,0.0006056755628825053,False,
