,TICID,t0,per,depth,converged,conv_on_run
0,261257684,1640.4647616281022,27.625834699150975,0.001150903997908133,False,
