,TICID,t0,per,depth,converged,conv_on_run
0,261257684,1625.3807616281024,6.513572359623957,0.0005916159635014506,False,
