,TICID,t0,per,depth,converged,conv_on_run
0,261257684,2360.455173065744,29.184859673143936,0.0018649900753497436,False,
