,TICID,t0,per,depth,converged,conv_on_run
0,261257684,1626.1537616281023,42.41831646250717,0.001829314896318642,False,
