,TICID,t0,per,depth,converged,conv_on_run
0,261257684,1638.9097616281024,31.37182636598012,0.0014692237226722853,False,
