,TICID,t0,per,depth,converged,conv_on_run
0,261257684,1640.5417616281022,27.622986280525375,0.0012607654480601682,False,
