,TICID,t0,per,depth,converged,conv_on_run
0,261257684,1626.0897616281022,2.241865800864946,0.0011713295850588803,False,
