,TICID,t0,per,depth,converged,conv_on_run
0,261257684,1638.9787616281023,31.36838500962661,0.001500588865869319,False,
