,TICID,t0,per,depth,converged,conv_on_run
0,262530407,1364.598616411279,19.020043857298596,0.001672978669682503,False,
