,TICID,t0,per,depth,converged,conv_on_run
0,262530407,1368.6826164112788,24.118317620198667,0.0011530214849582092,False,
