,TICID,t0,per,depth,converged,conv_on_run
0,271169413,2346.012347001134,12.747050231805895,0.001989700240388223,False,
