,TICID,t0,per,depth,converged,conv_on_run
0,271169413,1605.8058828793573,3.9649284390663677,0.0013190410287100486,False,
