,TICID,t0,per,depth,converged,conv_on_run
0,271169413,2335.3453470011336,3.9660581667557353,0.0014457708159436062,False,
