,TICID,t0,per,depth,converged,conv_on_run
0,271169413,1612.1598828793574,21.32997885407568,0.004156131493211361,False,
