,TICID,t0,per,depth,converged,conv_on_run
0,271169413,1615.5458828793574,14.036001974491429,0.005488089810526966,False,
