,TICID,t0,per,depth,converged,conv_on_run
0,277634430,1582.5095091421704,24.63159874842803,0.002901093312317962,False,
