,TICID,t0,per,depth,converged,conv_on_run
0,289164482,1685.357568110347,2.6796448334687466,0.0007838343839292738,False,
