,TICID,t0,per,depth,converged,conv_on_run
0,289164482,1687.578568110347,15.092912573069155,0.0008822127223693838,False,
