,TICID,t0,per,depth,converged,conv_on_run
0,289164482,1684.2955681103472,1.1187801487893925,0.00048299862442974847,False,
