,TICID,t0,per,depth,converged,conv_on_run
0,296739893,1535.141704475637,19.243319724137837,0.007013526715419289,False,
