,TICID,t0,per,depth,converged,conv_on_run
0,296739893,1523.1073724910657,5.098801053551099,0.003233734280595125,False,
