,TICID,t0,per,depth,converged,conv_on_run
0,29960110,2165.3486139803917,,0.9885562136285707,False,
