,TICID,t0,per,depth,converged,conv_on_run
0,29960110,1411.6738717742905,2.4919671317494947,0.002083555672929305,False,
