,TICID,t0,per,depth,converged,conv_on_run
0,29960110,1421.4440388695969,,0.9112374467731769,False,
