,TICID,t0,per,depth,converged,conv_on_run
0,29960110,1411.6798717742906,10.922742214447455,0.004535782374067753,False,
