,TICID,t0,per,depth,converged,conv_on_run
0,299798795,1326.209355620891,1.22512091296449,0.0029647386205280198,False,
