,TICID,t0,per,depth,converged,conv_on_run
0,306996324,1576.8781091148173,9.4449118385191,0.0009282626273941452,False,
