,TICID,t0,per,depth,converged,conv_on_run
0,306996324,1576.8781091148173,9.4449118385191,0.000928309262867617,False,
