,TICID,t0,per,depth,converged,conv_on_run
0,306996324,1579.6971091148173,15.847515238301488,0.0012567666980839096,False,
