,TICID,t0,per,depth,converged,conv_on_run
0,306996324,1578.7151091148173,10.734139393165478,0.0011239153408221165,False,
