,TICID,t0,per,depth,converged,conv_on_run
0,307210830,1356.1455100037465,3.6909267527211447,0.0010892620346396689,False,
