,TICID,t0,per,depth,converged,conv_on_run
0,307210830,1368.8635100037466,16.429429304816175,0.0003644332665821449,False,
