,TICID,t0,per,depth,converged,conv_on_run
0,307210830,2256.159252253681,2.2529170215514935,0.000658442445071545,False,
