,TICID,t0,per,depth,converged,conv_on_run
0,307210830,2299.7522522536815,46.237124352152364,0.0013866790773724028,False,
