,TICID,t0,per,depth,converged,conv_on_run
0,307210830,1354.9925100037465,28.747784505210788,0.0022240585976086562,False,
