,TICID,t0,per,depth,converged,conv_on_run
0,307210830,1378.4665100037464,39.28663569672201,0.005645857016985869,False,
