,TICID,t0,per,depth,converged,conv_on_run
0,307210830,1354.8955100037465,2.253142273551087,0.0005861295443938947,False,
