,TICID,t0,per,depth,converged,conv_on_run
0,307210830,1355.2635100037464,7.45096932300153,0.001201618271480833,False,
