,TICID,t0,per,depth,converged,conv_on_run
0,307210830,2279.512978599749,26.97982738237624,0.0011494670138352584,False,
