,TICID,t0,per,depth,converged,conv_on_run
0,307210830,1364.4445100037465,22.811941389847686,0.0006166990126368026,False,
