,TICID,t0,per,depth,converged,conv_on_run
0,307210830,2256.7242522536812,3.690734104189003,0.0016081665424938745,False,
