,TICID,t0,per,depth,converged,conv_on_run
0,307210830,1371.8095100037465,46.0375225204479,0.0007160569776508518,False,
