,TICID,t0,per,depth,converged,conv_on_run
0,307210830,2260.8129785997494,35.80871150702835,0.0016160591534327652,False,
