,TICID,t0,per,depth,converged,conv_on_run
0,310380289,1921.8317934802128,25.439881129217287,0.0020039089913817146,False,
