,TICID,t0,per,depth,converged,conv_on_run
0,310380289,1762.4502075348976,27.787864075917636,0.0023439041352899493,False,
