,TICID,t0,per,depth,converged,conv_on_run
0,329148988,1761.8126155369923,24.006400630062323,0.0018372727532968336,False,
