,TICID,t0,per,depth,converged,conv_on_run
0,329148988,1757.2316155369922,20.784156666566382,0.0016499921745784041,False,
