,TICID,t0,per,depth,converged,conv_on_run
0,34068865,1577.9556154172096,32.80651944712064,0.0024879608522087975,False,
