,TICID,t0,per,depth,converged,conv_on_run
0,34068865,1547.582626484525,6.369306063507372,0.0002829755476401828,False,
