,TICID,t0,per,depth,converged,conv_on_run
0,348755728,1535.7917911975283,24.836131687860796,0.027555225142631635,False,
