,TICID,t0,per,depth,converged,conv_on_run
0,35009898,1546.579845367141,13.562908398807044,0.0034586208250433534,False,
