,TICID,t0,per,depth,converged,conv_on_run
0,35009898,1546.4948440201129,1.5275495657189497,0.002634135864741585,False,
