,TICID,t0,per,depth,converged,conv_on_run
0,351601843,1654.237973026313,13.58034425628949,0.0020126368673142976,False,
