,TICID,t0,per,depth,converged,conv_on_run
0,353475866,1821.0504390113965,12.80583717645422,0.0015139020826142528,False,
