,TICID,t0,per,depth,converged,conv_on_run
0,359271092,1560.207330564929,35.41277078493252,0.0006305774237492944,False,
