,TICID,t0,per,depth,converged,conv_on_run
0,359271092,1560.289330564929,19.45802208292844,0.0010426649964695878,False,
