,TICID,t0,per,depth,converged,conv_on_run
0,359271092,1552.6578362334476,9.28202072883381,0.00041533849077000565,False,
