,TICID,t0,per,depth,converged,conv_on_run
0,359271092,1546.7218362334477,4.4530817381329175,0.0006404798507338699,False,
