,TICID,t0,per,depth,converged,conv_on_run
0,359271092,1563.554330564929,29.15806324945638,0.0007053362932687874,False,
