,TICID,t0,per,depth,converged,conv_on_run
0,369327947,2368.2401320005592,10.699519019358696,0.0011395976507751488,False,
