,TICID,t0,per,depth,converged,conv_on_run
0,377293776,1684.4194525522971,7.125003707807783,0.003516372102958863,False,
