,TICID,t0,per,depth,converged,conv_on_run
0,377293776,1684.3749592255276,1.6459557196025443,0.00017448329931377704,False,
