,TICID,t0,per,depth,converged,conv_on_run
0,377293776,1690.16495023914,25.260336871825494,0.0006577923829627339,False,
