,TICID,t0,per,depth,converged,conv_on_run
0,377293776,1700.2894525522972,39.028465733911254,0.00501527782516346,False,
