,TICID,t0,per,depth,converged,conv_on_run
0,377293776,1685.34595023914,2.0438899445549197,0.00033510743321015266,False,
