,TICID,t0,per,depth,converged,conv_on_run
0,389900760,1814.00008820474,47.63920139169551,0.0064890056500030956,False,
