,TICID,t0,per,depth,converged,conv_on_run
0,394357918,1326.787355620891,1.6339989522759042,0.0044372664026201,False,
