,TICID,t0,per,depth,converged,conv_on_run
0,394357918,1333.502688454422,29.336152382861208,0.01273484042355178,False,
