,TICID,t0,per,depth,converged,conv_on_run
0,396562848,1791.7675032818315,4.364746828683701,0.0030393476259258792,False,
