,TICID,t0,per,depth,converged,conv_on_run
0,396562848,1791.3885032818316,42.73348368267382,0.0021723761510663636,False,
