,TICID,t0,per,depth,converged,conv_on_run
0,396562848,1830.2005032818315,41.14370856536425,0.0016068694558338144,False,
