,TICID,t0,per,depth,converged,conv_on_run
0,396562848,1792.60416550317,1.9495424247108546,0.0015577854279126364,False,
