,TICID,t0,per,depth,converged,conv_on_run
0,406941612,1626.3228814198383,28.27757194109705,0.0025167578068911196,False,
