,TICID,t0,per,depth,converged,conv_on_run
0,4070275,1439.3547368139218,5.423946107796397,0.0015805743941092606,False,
