,TICID,t0,per,depth,converged,conv_on_run
0,4070275,1441.119736813922,13.308759696059397,0.0012385539248487634,False,
