,TICID,t0,per,depth,converged,conv_on_run
0,4070275,2174.2607400531247,12.224261931397242,0.00488361175459595,False,
