,TICID,t0,per,depth,converged,conv_on_run
0,408636441,1969.3098566040699,,0.9951981259462244,False,
