,TICID,t0,per,depth,converged,conv_on_run
0,408636441,1745.4696155369923,37.694220002905446,0.002431899758661892,False,
