,TICID,t0,per,depth,converged,conv_on_run
0,408636441,1740.3804635917645,1.3552959447520099,0.0008763281140884835,False,
