,TICID,t0,per,depth,converged,conv_on_run
0,408636441,1739.0446155369923,36.133191785558026,0.0013476888522712146,False,
