,TICID,t0,per,depth,converged,conv_on_run
0,408636441,1745.4696155369923,32.52103823540769,0.002620597350057321,False,
