,TICID,t0,per,depth,converged,conv_on_run
0,408636441,1740.3566155369922,4.748738903292878,0.0034045406860801113,False,
