,TICID,t0,per,depth,converged,conv_on_run
0,408636441,1739.1926155369922,21.99010909182385,0.0014403762781097763,False,
