,TICID,t0,per,depth,converged,conv_on_run
0,408636441,1957.1287454471567,2.4343734487063706,0.003555060058998795,False,
