,TICID,t0,per,depth,converged,conv_on_run
0,408636441,1744.4296155369923,18.72858531977514,0.0010244299476163403,False,
