,TICID,t0,per,depth,converged,conv_on_run
0,410153553,2036.786259041148,1.38876240149077,0.004149983066961436,False,
