,TICID,t0,per,depth,converged,conv_on_run
0,413248763,1521.938330432985,3.9305487838904343,0.0011514462587487036,False,
