,TICID,t0,per,depth,converged,conv_on_run
0,413248763,1531.8053304329849,13.850951856861338,0.0034314620939990253,False,
