,TICID,t0,per,depth,converged,conv_on_run
0,419411415,1712.89212007255,1.6307594163403782,0.06792650404217958,False,
