,TICID,t0,per,depth,converged,conv_on_run
0,419411415,2420.6416367159404,1.6307203399690722,0.06951285990092225,False,
