,TICID,t0,per,depth,converged,conv_on_run
0,420112589,1691.5388058359836,11.0618634913305,0.002845309377251129,False,
