,TICID,t0,per,depth,converged,conv_on_run
0,420112589,1685.6788058359837,2.981145309266295,0.0008542478210168515,False,
