,TICID,t0,per,depth,converged,conv_on_run
0,420112589,1687.5928058359837,21.109882989142925,0.0019641615078482342,False,
