,TICID,t0,per,depth,converged,conv_on_run
0,420112589,1685.7088058359836,9.337893107119912,0.0011493639838935554,False,
