,TICID,t0,per,depth,converged,conv_on_run
0,420112589,1696.7128058359835,19.46558282584956,0.0011735250814196019,False,
