,TICID,t0,per,depth,converged,conv_on_run
0,420112589,1686.8948058359836,12.938481011219036,0.0012160602623180721,False,
