,TICID,t0,per,depth,converged,conv_on_run
0,422756130,1791.52616550317,3.134102433632741,0.0012248963065139573,False,
