,TICID,t0,per,depth,converged,conv_on_run
0,429358906,1577.0521977213973,16.047772222755224,0.004374012260207105,False,
