,TICID,t0,per,depth,converged,conv_on_run
0,429358906,2283.146410306305,8.028569286532704,0.004669167243347747,False,
