,TICID,t0,per,depth,converged,conv_on_run
0,441738827,1928.1411331218892,,0.9632585607289107,False,
