,TICID,t0,per,depth,converged,conv_on_run
0,441738827,1712.808631584936,8.148937195855126,0.002693535141355844,False,
