,TICID,t0,per,depth,converged,conv_on_run
0,452866790,1492.197906349814,1.1980164744088029,0.001363511970250123,False,
