,TICID,t0,per,depth,converged,conv_on_run
0,467179528,1691.0017958047858,10.892787267729476,0.003465949343039722,False,
