,TICID,t0,per,depth,converged,conv_on_run
0,467179528,1687.9188197876406,,0.9936029272493272,False,
