,TICID,t0,per,depth,converged,conv_on_run
0,467179528,1690.993795804786,10.89501896000879,0.003399755060290481,False,
