,TICID,t0,per,depth,converged,conv_on_run
0,467179528,2420.958420090641,10.898895886023979,0.0034145045707850517,False,
