,TICID,t0,per,depth,converged,conv_on_run
0,54962195,1546.984680243835,2.598904192055891,0.0022403343274390347,False,
