,TICID,t0,per,depth,converged,conv_on_run
0,54962195,1548.0776802438352,17.103942935981415,0.005820148930357219,False,
