,TICID,t0,per,depth,converged,conv_on_run
0,54962195,1548.111680243835,4.695498622515881,0.00250451807457068,False,
