,TICID,t0,per,depth,converged,conv_on_run
0,55650590,2039.422802318373,11.370380667915189,0.0021316262553426456,False,
