,TICID,t0,per,depth,converged,conv_on_run
0,55650590,2056.880802318373,21.68320255779319,0.00167680137322675,False,
