,TICID,t0,per,depth,converged,conv_on_run
0,55650590,1325.560974336618,1.4725848714373322,0.0008779388750904621,False,
