,TICID,t0,per,depth,converged,conv_on_run
0,55650590,1325.550974336618,1.472572762717993,0.0009985362634655005,False,
