,TICID,t0,per,depth,converged,conv_on_run
0,55650590,1349.0025157672665,,0.9671629172832641,False,
