,TICID,t0,per,depth,converged,conv_on_run
0,55650590,2037.552024140576,1.4726481446655133,0.0011820792096053142,False,
