,TICID,t0,per,depth,converged,conv_on_run
0,77156829,1413.2503197253197,27.843651047415925,0.0018514115606869594,False,
