,TICID,t0,per,depth,converged,conv_on_run
0,77156829,1411.0673197253197,3.694274650241805,0.0007757594960884225,False,
