,TICID,t0,per,depth,converged,conv_on_run
0,95057860,2205.256443384906,3.58211776578645,0.02057805448534129,False,
