,TICID,t0,per,depth,converged,conv_on_run
0,98796344,1421.277332928282,12.294120444120425,0.025471570887751604,False,
